-- Select GSistema  
SELECT * FROM GSISTEMA;

-- Insert Sistema
INSERT INTO GSISTEMA
	 VALUES (2,'PONTO JUTISTICATIVA', 'CONTROLE DE JUSTIFICATIVA DE PONTO ACADÊMICO FAP BETIM', 'P', '1.0','CRISTIANO MARTINS NUNES', NOW());

-- Table Pstatus
CREATE TABLE PSTATUSJUSTIFICATIVA
( IDSJ INT AUTO_INCREMENT,
  STATUS VARCHAR(20) NOT NULL,
  PRIMARY KEY(IDSJ));

-- Insert PSTATUSJUSTIFICATIVA
INSERT INTO PSTATUSJUSTIFICATIVA 
      VALUES (1,'ABERTA'), (2,'DEFERIDA'), (3,'INDEFERDA');

-- Select PSTATUSJUSTIFICATIVA
SELECT * FROM PSTATUSJUSTIFICATIVA;

-- Table Pturno
CREATE TABLE PTURNO
( IDTU INT AUTO_INCREMENT,
  TURNO VARCHAR(20) NOT NULL,
  PRIMARY KEY(IDTU));

-- Insert Pturno
INSERT INTO PTURNO 
     VALUES (1,'MANHÃ'),(2,'TARDE'),(3,'NOITE');
     
-- Table PtipoJustificativa
CREATE TABLE PTIPOJUSTIFICATIVA
( IDTJ INT AUTO_INCREMENT,
  TIPO VARCHAR(20) NOT NULL,
  PRIMARY KEY(IDTJ));

-- Insery Pturno
INSERT INTO PTIPOJUSTIFICATIVA 
     VALUES (1,'ABONO'),(2,'REPOSIÇÃO');

-- Select
SELECT * FROM PTIPOJUSTIFICATIVA;

-- Table Pcurso
CREATE TABLE PCURSO
( IDCU INT AUTO_INCREMENT,
  CURSO VARCHAR(100) NOT NULL,
  PRIMARY KEY(IDCU));
  
-- Insert Pcurso
INSERT INTO PCURSO (CURSO)
     VALUES ('Administração'),('Ciência da Computação'),
     ('Engenharia Ambiental'), ('Engenharia Civil');

-- Select Pcurso
SELECT * FROM PCURSO;

-- Table PtipoColaborador
CREATE TABLE PTIPOCOLABORADOR
( IDTC INT AUTO_INCREMENT,
  TIPOCOL VARCHAR(65) NOT NULL,
  PRIMARY KEY(IDTC));

-- Insert PtipoColaborador
INSERT INTO PTIPOCOLABORADOR (IDTC,TIPOCOL)
     VALUES (1,'ADMINISTRATIVO'),
			(2,'COORDENADOR ACADEMICO'),
			(3,'COORDENADOR CURSO'),
			(4,'DOCENTE');
            
-- Select PtipoColaborador
SELECT * FROM PTIPOCOLABORADOR;

-- Table Pcolaborador
CREATE  TABLE PCOLABORADOR
( IDCO INT AUTO_INCREMENT,
  NOME VARCHAR(65) NOT NULL,
  CPF VARCHAR(11) UNIQUE,
  TIPO INT, 
  TELEFONE1 VARCHAR(12),
  TELEFONE2 VARCHAR(12),
  EMAIL VARCHAR(60),
  SENHA VARCHAR(06),
  STATUS ENUM ('0','1'),
  PRIMARY KEY(IDCO));

-- Select Pcolaborador
SELECT * FROM PCOLABORADOR;

-- Alter PCOLABORADOR
ALTER TABLE PCOLABORADOR
ADD FOREIGN KEY (TIPO) REFERENCES PTIPOCOLABORADOR (IDTC);

-- Insert Pcolaborador
INSERT INTO PCOLABORADOR (NOME,CPF,TIPO,TELEFONE1,TELEFONE2,EMAIL,SENHA,STATUS)
     VALUES ('GISELLE ALINE DOS SANTOS GONCALVES','05907920670',2,'03132128295','031999370320','cristiano.nunes@kroton.com.br','059079',1),
            ('CYNTHIA DA SILVA BARBOSA','04304246631',3,'03132128295','031999370320','cristiano.nunes@kroton.com.br','043042',1),
            ('PROFESSOR FS','11111111111',3,'03132128295','031999370320','cristiano.nunes@kroton.com.br','111111',1),
            ('CRISTIANO MARTINS NUNES','05308082693',4,'03132128295','031999370320','cristiano.nunes@kroton.com.br','053080',1);

-- Select Pcolaborador x PtipoColaborador
SELECT * FROM PCOLABORADOR INNER JOIN PTIPOCOLABORADOR
						   ON PCOLABORADOR.TIPO = PTIPOCOLABORADOR.IDTC;

-- Table PjustificativaPonto
CREATE TABLE PJUSTIFICATIVAPONTO
( IDJP INT AUTO_INCREMENT,
  COLABORADOR VARCHAR(11) NOT NULL,
  CURSO INT NOT NULL,
  TURNO INT NOT NULL,
  DATA DATE NOT NULL,
  ENTRADA TIME NOT NULL,
  SAIDA TIME NOT NULL,
  TIPO INT NOT NULL,
  JUSTIFICATIVA TEXT NOT NULL,
  STATUS INT,
  DTHRCAD DATETIME,
  PRIMARY KEY (IDJP));

-- Alter PjustificativaPonto
ALTER TABLE PJUSTIFICATIVAPONTO
ADD FOREIGN KEY (COLABORADOR) REFERENCES PCOLABORADOR (CPF);

-- Alter PjustificativaPonto
ALTER TABLE PJUSTIFICATIVAPONTO
ADD FOREIGN KEY (CURSO) REFERENCES PCURSO (IDCU);

-- Alter PjustificativaPonto
ALTER TABLE PJUSTIFICATIVAPONTO
ADD FOREIGN KEY (TURNO) REFERENCES PTURNO (IDTU);

-- Alter PjustificativaPonto
ALTER TABLE PJUSTIFICATIVAPONTO
ADD FOREIGN KEY (TIPO) REFERENCES PTIPOJUSTIFICATIVA (IDTJ);

-- Alter PjustificativaPonto
ALTER TABLE PJUSTIFICATIVAPONTO
ADD FOREIGN KEY (STATUS) REFERENCES PSTATUSJUSTIFICATIVA (IDSJ);

-- Select PJUSTIFICATIVAPONTO
SELECT * FROM PJUSTIFICATIVAPONTO;

-- Insert PJUSTIFICATIVAPONTO
INSERT INTO PJUSTIFICATIVAPONTO
     VALUES (111,'05308082693',2,3,'2019-10-01','19:00','22:00',1,'TESTE DE SISTEMA teste de sistema teste de sistema teste de sistema', 1, NOW());

INSERT INTO PJUSTIFICATIVAPONTO
     VALUES (1,'05308082693',2,3,'2019-10-01','19:00','22:00',1,'TESTE DE SISTEMA', 1, NOW());

INSERT INTO PJUSTIFICATIVAPONTO
     VALUES (2,'11111111111',1,1,'2019-10-20','09:00','12:00',1,'SISTEMA TESTE', 1, NOW());

INSERT INTO PJUSTIFICATIVAPONTO
     VALUES (3,'11111111111',1,2,'2019-10-20','09:00','12:00',1,'SISTEMA TESTE', 1, NOW());


INSERT INTO PJUSTIFICATIVAPONTO
     VALUES (5,'05308082693',2,3,'2019-10-01','19:00','22:00',1,'TESTE DE SISTEMA', 1, NOW());

INSERT INTO PJUSTIFICATIVAPONTO
     VALUES (4,'11111111111',1,1,'2019-10-20','09:00','12:00',1,'SISTEMA TESTE', 1, NOW());

INSERT INTO PJUSTIFICATIVAPONTO
     VALUES (6,'11111111111',1,2,'2019-10-20','09:00','12:00',1,'SISTEMA TESTE', 1, NOW());


-- View V_P_JUSTIFICATIVAPONTO
CREATE VIEW V_P_JUSTIFICATIVAPONTO
AS
SELECT PJUSTIFICATIVAPONTO.IDJP,
	   PCOLABORADOR.CPF,PCOLABORADOR.NOME, 
	   PCURSO.IDCU, PCURSO.CURSO,
       PTURNO.IDTU, PTURNO.TURNO,
       DATE_FORMAT( PJUSTIFICATIVAPONTO.DATA,"%d/%m/%Y") AS DATA, PJUSTIFICATIVAPONTO.ENTRADA, PJUSTIFICATIVAPONTO.SAIDA,
       PTIPOJUSTIFICATIVA.IDTJ, PTIPOJUSTIFICATIVA.TIPO, 
       PJUSTIFICATIVAPONTO.JUSTIFICATIVA,
       PSTATUSJUSTIFICATIVA.IDSJ, PSTATUSJUSTIFICATIVA.STATUS, DATE_FORMAT(PJUSTIFICATIVAPONTO.DTHRCAD,"%d/%m/%Y %H:%i:%s") AS DTHRCAD
       
FROM PCOLABORADOR, PCURSO, PTURNO, PJUSTIFICATIVAPONTO, PTIPOJUSTIFICATIVA, PSTATUSJUSTIFICATIVA
WHERE PJUSTIFICATIVAPONTO.COLABORADOR = PCOLABORADOR.CPF
AND PJUSTIFICATIVAPONTO.CURSO = PCURSO.IDCU
AND PJUSTIFICATIVAPONTO.TURNO = PTURNO.IDTU
AND PJUSTIFICATIVAPONTO.TIPO = PTIPOJUSTIFICATIVA.IDTJ
AND PJUSTIFICATIVAPONTO.STATUS = PSTATUSJUSTIFICATIVA.IDSJ
ORDER BY PJUSTIFICATIVAPONTO.DATA DESC;

-- Select View 
SELECT DATE_FORMAT( data, "%d/%m/%Y" ) FROM V_P_JUSTIFICATIVAPONTO;
SELECT * FROM V_P_JUSTIFICATIVAPONTO;
DELETE FROM PJUSTIFICATIVAPONTO WHERE IDJP = 3;
